{
  "orders": [
    {
      "id": 1,
      "name": "Алмаз",
      "surname": "Аскаров",
      "number": "0706105915"
    },
    {
      "number": "0700100200",
      "name": "Залкар",
      "surname": "Бапиев",
      "id": 2
    },
    {
      "number": "0700100200",
      "name": "Залкар",
      "surname": "Бапиев",
      "id": 3
    },
    {
      "number": "0700100200",
      "name": "Залкар",
      "surname": "Бапиев",
      "id": 4
    }
  ]
}